{"countFinishedTraining":0,"imagePath":"file:///data/user/0/com.health.openworkout/files/Fatburner%20workout/image/fatburner_training.png","isImagePathExternal":true,"name":"Fatburner workout","orderNr":0,"trainingPlanId":0,"workoutSessions":[{"finished":false,"name":"1. day","orderNr":0,"trainingPlanId":5,"workoutItems":[{"breakTime":30,"description":"Stand with your feet shoulder-width apart and toes forward. Bend your knees as you hinge at the hips, shifting them back and down like you’re about to sit in a chair. Lower yourself as far as you comfortably can, keeping most of your weight on your heels. Stand back up.","elapsedTime":0,"finished":false,"imagePath":"squad.png","isImagePathExternal":false,"isTimeMode":false,"isVideoPathExternal":false,"name":"Squat","orderNr":-1,"prepTime":5,"repetitionCount":20,"videoPath":"squad.mp4","workoutItemId":0,"workoutSessionId":85,"workoutTime":30},{"breakTime":30,"description":"Lie on your stomach on an exercise mat, with your elbows close to your sides, palms down and fingers facing forward. Lift your torso and thighs off the floor, keeping your body straight. Rest your weight on your elbows and your feet, with toes tucked toward shins. Use your core muscles, and stay in this position.","elapsedTime":0,"finished":false,"imagePath":"plank.png","isImagePathExternal":false,"isTimeMode":true,"isVideoPathExternal":false,"name":"Plank","orderNr":-1,"prepTime":5,"repetitionCount":5,"videoPath":"plank.mp4","workoutItemId":0,"workoutSessionId":85,"workoutTime":30},{"breakTime":30,"description":"Stand up with your legs spread and your hands touching overhead. Then as you jump, bring your legs back together and put your arms to your sides. You can speed these up or slow them down to suit your fitness level.","elapsedTime":0,"finished":false,"imagePath":"jumping_jack.png","isImagePathExternal":false,"isTimeMode":true,"isVideoPathExternal":false,"name":"Jumping Jack","orderNr":-1,"prepTime":5,"repetitionCount":5,"videoPath":"jumping_jack.mp4","workoutItemId":0,"workoutSessionId":85,"workoutTime":30},{"breakTime":30,"description":"","elapsedTime":0,"finished":false,"imagePath":"file:///data/user/0/com.health.openworkout/files/Fatburner%20workout/image/lunge_kick.png","isImagePathExternal":true,"isTimeMode":false,"isVideoPathExternal":true,"name":"Lunge Kick","orderNr":-1,"prepTime":5,"repetitionCount":15,"videoPath":"file:///data/user/0/com.health.openworkout/files/Fatburner%20workout/video/lunge_kick.mp4","workoutItemId":0,"workoutSessionId":85,"workoutTime":30},{"breakTime":30,"description":"Stand with your back to a wall, feet hip-width apart and slightly in front of you. Lean back into the wall, and slide down like you’re sitting down into a chair. Your knees should finish above your ankles, bent at 90 degrees.","elapsedTime":0,"finished":false,"imagePath":"wall_sit.png","isImagePathExternal":false,"isTimeMode":true,"isVideoPathExternal":false,"name":"Wall sit","orderNr":-1,"prepTime":5,"repetitionCount":5,"videoPath":"wall_sit.mp4","workoutItemId":0,"workoutSessionId":85,"workoutTime":30},{"breakTime":30,"description":"","elapsedTime":0,"finished":false,"imagePath":"file:///data/user/0/com.health.openworkout/files/Fatburner%20workout/image/donkey_kick.png","isImagePathExternal":true,"isTimeMode":false,"isVideoPathExternal":true,"name":"Donkey Kick","orderNr":-1,"prepTime":5,"repetitionCount":10,"videoPath":"file:///data/user/0/com.health.openworkout/files/Fatburner%20workout/video/donkey_kick.mp4","workoutItemId":0,"workoutSessionId":85,"workoutTime":30},{"breakTime":30,"description":"Get into a plank position on the floor or mat, feet together with toes tucked under, hands planted flat below your shoulders. Slowly bend your elbows and lower your body toward the floor, as far down as you can go keeping back and hips level. Then press back up and repeat.","elapsedTime":0,"finished":false,"imagePath":"push_ups.png","isImagePathExternal":false,"isTimeMode":false,"isVideoPathExternal":false,"name":"Push Ups","orderNr":-1,"prepTime":5,"repetitionCount":5,"videoPath":"push_ups.mp4","workoutItemId":0,"workoutSessionId":85,"workoutTime":30},{"breakTime":30,"description":"","elapsedTime":0,"finished":false,"imagePath":"file:///data/user/0/com.health.openworkout/files/Fatburner%20workout/image/russian_twist.png","isImagePathExternal":true,"isTimeMode":false,"isVideoPathExternal":true,"name":"Russian Twist","orderNr":-1,"prepTime":5,"repetitionCount":10,"videoPath":"file:///data/user/0/com.health.openworkout/files/Fatburner%20workout/video/russian_twist.mp4","workoutItemId":0,"workoutSessionId":85,"workoutTime":30},{"breakTime":30,"description":"Lie flat on the floor with your lower back pressed to the ground (pull your navel in to also target your deep abs). Put your hands behind your head, then bring your knees in towards your chest and lift your shoulder blades off the ground, but be sure not to pull on your neck. Straighten your right leg out to about a 45-degree angle to the ground while turning your upper body to the left, bringing your right elbow towards the left knee. Make sure your rib cage is moving and not just your elbows. Now switch sides and do the same motion on the other side to complete one rep.","elapsedTime":0,"finished":false,"imagePath":"bicycle_crunch.png","isImagePathExternal":false,"isTimeMode":false,"isVideoPathExternal":false,"name":"Bicycle crunch","orderNr":-1,"prepTime":5,"repetitionCount":15,"videoPath":"bicycle_crunch.mp4","workoutItemId":0,"workoutSessionId":85,"workoutTime":30},{"breakTime":30,"description":"","elapsedTime":0,"finished":false,"imagePath":"file:///data/user/0/com.health.openworkout/files/Fatburner%20workout/image/mountain_climbers.png","isImagePathExternal":true,"isTimeMode":true,"isVideoPathExternal":true,"name":"Mountain climbers","orderNr":-1,"prepTime":5,"repetitionCount":5,"videoPath":"file:///data/user/0/com.health.openworkout/files/Fatburner%20workout/video/mountain_climbers.mp4","workoutItemId":0,"workoutSessionId":85,"workoutTime":30},{"breakTime":30,"description":"Run in place, bringing your knees up as high as you can with each step. Focus on lifting your knees up and down rapidly. Try holding your palms out in front of you at waist height, working to smack your knee into your palm with each step.","elapsedTime":0,"finished":false,"imagePath":"high_knees.png","isImagePathExternal":false,"isTimeMode":true,"isVideoPathExternal":false,"name":"High knees","orderNr":-1,"prepTime":5,"repetitionCount":5,"videoPath":"high_knees.mp4","workoutItemId":0,"workoutSessionId":85,"workoutTime":30},{"breakTime":30,"description":"Begin in a standing position. Move into a squat position with your hands on the ground. Kick your feet back into a plank position, while keeping your arms extended. Immediately return your feet into squat position. Stand up from the squat position","elapsedTime":0,"finished":false,"imagePath":"burpee.png","isImagePathExternal":false,"isTimeMode":false,"isVideoPathExternal":false,"name":"Burpee","orderNr":-1,"prepTime":5,"repetitionCount":10,"videoPath":"burpee.mp4","workoutItemId":0,"workoutSessionId":85,"workoutTime":30}],"workoutSessionId":0},{"finished":false,"name":"2. day","orderNr":1,"trainingPlanId":5,"workoutItems":[{"breakTime":30,"description":"Stand with your feet shoulder-width apart and toes forward. Bend your knees as you hinge at the hips, shifting them back and down like you’re about to sit in a chair. Lower yourself as far as you comfortably can, keeping most of your weight on your heels. Stand back up.","elapsedTime":0,"finished":false,"imagePath":"squad.png","isImagePathExternal":false,"isTimeMode":false,"isVideoPathExternal":false,"name":"Squat","orderNr":-1,"prepTime":5,"repetitionCount":20,"videoPath":"squad.mp4","workoutItemId":0,"workoutSessionId":86,"workoutTime":30},{"breakTime":30,"description":"Lie on your stomach on an exercise mat, with your elbows close to your sides, palms down and fingers facing forward. Lift your torso and thighs off the floor, keeping your body straight. Rest your weight on your elbows and your feet, with toes tucked toward shins. Use your core muscles, and stay in this position.","elapsedTime":0,"finished":false,"imagePath":"plank.png","isImagePathExternal":false,"isTimeMode":true,"isVideoPathExternal":false,"name":"Plank","orderNr":-1,"prepTime":5,"repetitionCount":5,"videoPath":"plank.mp4","workoutItemId":0,"workoutSessionId":86,"workoutTime":30},{"breakTime":30,"description":"Stand up with your legs spread and your hands touching overhead. Then as you jump, bring your legs back together and put your arms to your sides. You can speed these up or slow them down to suit your fitness level.","elapsedTime":0,"finished":false,"imagePath":"jumping_jack.png","isImagePathExternal":false,"isTimeMode":true,"isVideoPathExternal":false,"name":"Jumping Jack","orderNr":-1,"prepTime":5,"repetitionCount":5,"videoPath":"jumping_jack.mp4","workoutItemId":0,"workoutSessionId":86,"workoutTime":30},{"breakTime":30,"description":"","elapsedTime":0,"finished":false,"imagePath":"file:///data/user/0/com.health.openworkout/files/Fatburner%20workout/image/lunge_kick.png","isImagePathExternal":true,"isTimeMode":false,"isVideoPathExternal":true,"name":"Lunge Kick","orderNr":-1,"prepTime":5,"repetitionCount":15,"videoPath":"file:///data/user/0/com.health.openworkout/files/Fatburner%20workout/video/lunge_kick.mp4","workoutItemId":0,"workoutSessionId":86,"workoutTime":30},{"breakTime":30,"description":"Stand with your back to a wall, feet hip-width apart and slightly in front of you. Lean back into the wall, and slide down like you’re sitting down into a chair. Your knees should finish above your ankles, bent at 90 degrees.","elapsedTime":0,"finished":false,"imagePath":"wall_sit.png","isImagePathExternal":false,"isTimeMode":true,"isVideoPathExternal":false,"name":"Wall sit","orderNr":-1,"prepTime":5,"repetitionCount":5,"videoPath":"wall_sit.mp4","workoutItemId":0,"workoutSessionId":86,"workoutTime":30},{"breakTime":30,"description":"","elapsedTime":0,"finished":false,"imagePath":"file:///data/user/0/com.health.openworkout/files/Fatburner%20workout/image/donkey_kick.png","isImagePathExternal":true,"isTimeMode":false,"isVideoPathExternal":true,"name":"Donkey Kick","orderNr":-1,"prepTime":5,"repetitionCount":10,"videoPath":"file:///data/user/0/com.health.openworkout/files/Fatburner%20workout/video/donkey_kick.mp4","workoutItemId":0,"workoutSessionId":86,"workoutTime":30},{"breakTime":30,"description":"Get into a plank position on the floor or mat, feet together with toes tucked under, hands planted flat below your shoulders. Slowly bend your elbows and lower your body toward the floor, as far down as you can go keeping back and hips level. Then press back up and repeat.","elapsedTime":0,"finished":false,"imagePath":"push_ups.png","isImagePathExternal":false,"isTimeMode":false,"isVideoPathExternal":false,"name":"Push Ups","orderNr":-1,"prepTime":5,"repetitionCount":5,"videoPath":"push_ups.mp4","workoutItemId":0,"workoutSessionId":86,"workoutTime":30},{"breakTime":30,"description":"","elapsedTime":0,"finished":false,"imagePath":"file:///data/user/0/com.health.openworkout/files/Fatburner%20workout/image/russian_twist.png","isImagePathExternal":true,"isTimeMode":false,"isVideoPathExternal":true,"name":"Russian Twist","orderNr":-1,"prepTime":5,"repetitionCount":10,"videoPath":"file:///data/user/0/com.health.openworkout/files/Fatburner%20workout/video/russian_twist.mp4","workoutItemId":0,"workoutSessionId":86,"workoutTime":30},{"breakTime":30,"description":"Lie flat on the floor with your lower back pressed to the ground (pull your navel in to also target your deep abs). Put your hands behind your head, then bring your knees in towards your chest and lift your shoulder blades off the ground, but be sure not to pull on your neck. Straighten your right leg out to about a 45-degree angle to the ground while turning your upper body to the left, bringing your right elbow towards the left knee. Make sure your rib cage is moving and not just your elbows. Now switch sides and do the same motion on the other side to complete one rep.","elapsedTime":0,"finished":false,"imagePath":"bicycle_crunch.png","isImagePathExternal":false,"isTimeMode":false,"isVideoPathExternal":false,"name":"Bicycle crunch","orderNr":-1,"prepTime":5,"repetitionCount":15,"videoPath":"bicycle_crunch.mp4","workoutItemId":0,"workoutSessionId":86,"workoutTime":30},{"breakTime":30,"description":"","elapsedTime":0,"finished":false,"imagePath":"file:///data/user/0/com.health.openworkout/files/Fatburner%20workout/image/mountain_climbers.png","isImagePathExternal":true,"isTimeMode":true,"isVideoPathExternal":true,"name":"Mountain climbers","orderNr":-1,"prepTime":5,"repetitionCount":5,"videoPath":"file:///data/user/0/com.health.openworkout/files/Fatburner%20workout/video/mountain_climbers.mp4","workoutItemId":0,"workoutSessionId":86,"workoutTime":30},{"breakTime":30,"description":"Run in place, bringing your knees up as high as you can with each step. Focus on lifting your knees up and down rapidly. Try holding your palms out in front of you at waist height, working to smack your knee into your palm with each step.","elapsedTime":0,"finished":false,"imagePath":"high_knees.png","isImagePathExternal":false,"isTimeMode":true,"isVideoPathExternal":false,"name":"High knees","orderNr":-1,"prepTime":5,"repetitionCount":5,"videoPath":"high_knees.mp4","workoutItemId":0,"workoutSessionId":86,"workoutTime":30},{"breakTime":30,"description":"Begin in a standing position. Move into a squat position with your hands on the ground. Kick your feet back into a plank position, while keeping your arms extended. Immediately return your feet into squat position. Stand up from the squat position","elapsedTime":0,"finished":false,"imagePath":"burpee.png","isImagePathExternal":false,"isTimeMode":false,"isVideoPathExternal":false,"name":"Burpee","orderNr":-1,"prepTime":5,"repetitionCount":10,"videoPath":"burpee.mp4","workoutItemId":0,"workoutSessionId":86,"workoutTime":30}],"workoutSessionId":0},{"finished":false,"name":"3. day","orderNr":2,"trainingPlanId":5,"workoutItems":[{"breakTime":30,"description":"Stand with your feet shoulder-width apart and toes forward. Bend your knees as you hinge at the hips, shifting them back and down like you’re about to sit in a chair. Lower yourself as far as you comfortably can, keeping most of your weight on your heels. Stand back up.","elapsedTime":0,"finished":false,"imagePath":"squad.png","isImagePathExternal":false,"isTimeMode":false,"isVideoPathExternal":false,"name":"Squat","orderNr":-1,"prepTime":5,"repetitionCount":20,"videoPath":"squad.mp4","workoutItemId":0,"workoutSessionId":87,"workoutTime":30},{"breakTime":30,"description":"Lie on your stomach on an exercise mat, with your elbows close to your sides, palms down and fingers facing forward. Lift your torso and thighs off the floor, keeping your body straight. Rest your weight on your elbows and your feet, with toes tucked toward shins. Use your core muscles, and stay in this position.","elapsedTime":0,"finished":false,"imagePath":"plank.png","isImagePathExternal":false,"isTimeMode":true,"isVideoPathExternal":false,"name":"Plank","orderNr":-1,"prepTime":5,"repetitionCount":5,"videoPath":"plank.mp4","workoutItemId":0,"workoutSessionId":87,"workoutTime":30},{"breakTime":30,"description":"Stand up with your legs spread and your hands touching overhead. Then as you jump, bring your legs back together and put your arms to your sides. You can speed these up or slow them down to suit your fitness level.","elapsedTime":0,"finished":false,"imagePath":"jumping_jack.png","isImagePathExternal":false,"isTimeMode":true,"isVideoPathExternal":false,"name":"Jumping Jack","orderNr":-1,"prepTime":5,"repetitionCount":5,"videoPath":"jumping_jack.mp4","workoutItemId":0,"workoutSessionId":87,"workoutTime":30},{"breakTime":30,"description":"","elapsedTime":0,"finished":false,"imagePath":"file:///data/user/0/com.health.openworkout/files/Fatburner%20workout/image/lunge_kick.png","isImagePathExternal":true,"isTimeMode":false,"isVideoPathExternal":true,"name":"Lunge Kick","orderNr":-1,"prepTime":5,"repetitionCount":15,"videoPath":"file:///data/user/0/com.health.openworkout/files/Fatburner%20workout/video/lunge_kick.mp4","workoutItemId":0,"workoutSessionId":87,"workoutTime":30},{"breakTime":30,"description":"Stand with your back to a wall, feet hip-width apart and slightly in front of you. Lean back into the wall, and slide down like you’re sitting down into a chair. Your knees should finish above your ankles, bent at 90 degrees.","elapsedTime":0,"finished":false,"imagePath":"wall_sit.png","isImagePathExternal":false,"isTimeMode":true,"isVideoPathExternal":false,"name":"Wall sit","orderNr":-1,"prepTime":5,"repetitionCount":5,"videoPath":"wall_sit.mp4","workoutItemId":0,"workoutSessionId":87,"workoutTime":30},{"breakTime":30,"description":"","elapsedTime":0,"finished":false,"imagePath":"file:///data/user/0/com.health.openworkout/files/Fatburner%20workout/image/donkey_kick.png","isImagePathExternal":true,"isTimeMode":false,"isVideoPathExternal":true,"name":"Donkey Kick","orderNr":-1,"prepTime":5,"repetitionCount":10,"videoPath":"file:///data/user/0/com.health.openworkout/files/Fatburner%20workout/video/donkey_kick.mp4","workoutItemId":0,"workoutSessionId":87,"workoutTime":30},{"breakTime":30,"description":"Get into a plank position on the floor or mat, feet together with toes tucked under, hands planted flat below your shoulders. Slowly bend your elbows and lower your body toward the floor, as far down as you can go keeping back and hips level. Then press back up and repeat.","elapsedTime":0,"finished":false,"imagePath":"push_ups.png","isImagePathExternal":false,"isTimeMode":false,"isVideoPathExternal":false,"name":"Push Ups","orderNr":-1,"prepTime":5,"repetitionCount":5,"videoPath":"push_ups.mp4","workoutItemId":0,"workoutSessionId":87,"workoutTime":30},{"breakTime":30,"description":"","elapsedTime":0,"finished":false,"imagePath":"file:///data/user/0/com.health.openworkout/files/Fatburner%20workout/image/russian_twist.png","isImagePathExternal":true,"isTimeMode":false,"isVideoPathExternal":true,"name":"Russian Twist","orderNr":-1,"prepTime":5,"repetitionCount":10,"videoPath":"file:///data/user/0/com.health.openworkout/files/Fatburner%20workout/video/russian_twist.mp4","workoutItemId":0,"workoutSessionId":87,"workoutTime":30},{"breakTime":30,"description":"Lie flat on the floor with your lower back pressed to the ground (pull your navel in to also target your deep abs). Put your hands behind your head, then bring your knees in towards your chest and lift your shoulder blades off the ground, but be sure not to pull on your neck. Straighten your right leg out to about a 45-degree angle to the ground while turning your upper body to the left, bringing your right elbow towards the left knee. Make sure your rib cage is moving and not just your elbows. Now switch sides and do the same motion on the other side to complete one rep.","elapsedTime":0,"finished":false,"imagePath":"bicycle_crunch.png","isImagePathExternal":false,"isTimeMode":false,"isVideoPathExternal":false,"name":"Bicycle crunch","orderNr":-1,"prepTime":5,"repetitionCount":15,"videoPath":"bicycle_crunch.mp4","workoutItemId":0,"workoutSessionId":87,"workoutTime":30},{"breakTime":30,"description":"","elapsedTime":0,"finished":false,"imagePath":"file:///data/user/0/com.health.openworkout/files/Fatburner%20workout/image/mountain_climbers.png","isImagePathExternal":true,"isTimeMode":true,"isVideoPathExternal":true,"name":"Mountain climbers","orderNr":-1,"prepTime":5,"repetitionCount":5,"videoPath":"file:///data/user/0/com.health.openworkout/files/Fatburner%20workout/video/mountain_climbers.mp4","workoutItemId":0,"workoutSessionId":87,"workoutTime":30},{"breakTime":30,"description":"Run in place, bringing your knees up as high as you can with each step. Focus on lifting your knees up and down rapidly. Try holding your palms out in front of you at waist height, working to smack your knee into your palm with each step.","elapsedTime":0,"finished":false,"imagePath":"high_knees.png","isImagePathExternal":false,"isTimeMode":true,"isVideoPathExternal":false,"name":"High knees","orderNr":-1,"prepTime":5,"repetitionCount":5,"videoPath":"high_knees.mp4","workoutItemId":0,"workoutSessionId":87,"workoutTime":30},{"breakTime":30,"description":"Begin in a standing position. Move into a squat position with your hands on the ground. Kick your feet back into a plank position, while keeping your arms extended. Immediately return your feet into squat position. Stand up from the squat position","elapsedTime":0,"finished":false,"imagePath":"burpee.png","isImagePathExternal":false,"isTimeMode":false,"isVideoPathExternal":false,"name":"Burpee","orderNr":-1,"prepTime":5,"repetitionCount":10,"videoPath":"burpee.mp4","workoutItemId":0,"workoutSessionId":87,"workoutTime":30}],"workoutSessionId":0},{"finished":false,"name":"4. day","orderNr":3,"trainingPlanId":5,"workoutItems":[{"breakTime":30,"description":"Stand with your feet shoulder-width apart and toes forward. Bend your knees as you hinge at the hips, shifting them back and down like you’re about to sit in a chair. Lower yourself as far as you comfortably can, keeping most of your weight on your heels. Stand back up.","elapsedTime":0,"finished":false,"imagePath":"squad.png","isImagePathExternal":false,"isTimeMode":false,"isVideoPathExternal":false,"name":"Squat","orderNr":-1,"prepTime":5,"repetitionCount":20,"videoPath":"squad.mp4","workoutItemId":0,"workoutSessionId":88,"workoutTime":30},{"breakTime":30,"description":"Lie on your stomach on an exercise mat, with your elbows close to your sides, palms down and fingers facing forward. Lift your torso and thighs off the floor, keeping your body straight. Rest your weight on your elbows and your feet, with toes tucked toward shins. Use your core muscles, and stay in this position.","elapsedTime":0,"finished":false,"imagePath":"plank.png","isImagePathExternal":false,"isTimeMode":true,"isVideoPathExternal":false,"name":"Plank","orderNr":-1,"prepTime":5,"repetitionCount":5,"videoPath":"plank.mp4","workoutItemId":0,"workoutSessionId":88,"workoutTime":30},{"breakTime":30,"description":"Stand up with your legs spread and your hands touching overhead. Then as you jump, bring your legs back together and put your arms to your sides. You can speed these up or slow them down to suit your fitness level.","elapsedTime":0,"finished":false,"imagePath":"jumping_jack.png","isImagePathExternal":false,"isTimeMode":true,"isVideoPathExternal":false,"name":"Jumping Jack","orderNr":-1,"prepTime":5,"repetitionCount":5,"videoPath":"jumping_jack.mp4","workoutItemId":0,"workoutSessionId":88,"workoutTime":30},{"breakTime":30,"description":"","elapsedTime":0,"finished":false,"imagePath":"file:///data/user/0/com.health.openworkout/files/Fatburner%20workout/image/lunge_kick.png","isImagePathExternal":true,"isTimeMode":false,"isVideoPathExternal":true,"name":"Lunge Kick","orderNr":-1,"prepTime":5,"repetitionCount":15,"videoPath":"file:///data/user/0/com.health.openworkout/files/Fatburner%20workout/video/lunge_kick.mp4","workoutItemId":0,"workoutSessionId":88,"workoutTime":30},{"breakTime":30,"description":"Stand with your back to a wall, feet hip-width apart and slightly in front of you. Lean back into the wall, and slide down like you’re sitting down into a chair. Your knees should finish above your ankles, bent at 90 degrees.","elapsedTime":0,"finished":false,"imagePath":"wall_sit.png","isImagePathExternal":false,"isTimeMode":true,"isVideoPathExternal":false,"name":"Wall sit","orderNr":-1,"prepTime":5,"repetitionCount":5,"videoPath":"wall_sit.mp4","workoutItemId":0,"workoutSessionId":88,"workoutTime":30},{"breakTime":30,"description":"","elapsedTime":0,"finished":false,"imagePath":"file:///data/user/0/com.health.openworkout/files/Fatburner%20workout/image/donkey_kick.png","isImagePathExternal":true,"isTimeMode":false,"isVideoPathExternal":true,"name":"Donkey Kick","orderNr":-1,"prepTime":5,"repetitionCount":10,"videoPath":"file:///data/user/0/com.health.openworkout/files/Fatburner%20workout/video/donkey_kick.mp4","workoutItemId":0,"workoutSessionId":88,"workoutTime":30},{"breakTime":30,"description":"Get into a plank position on the floor or mat, feet together with toes tucked under, hands planted flat below your shoulders. Slowly bend your elbows and lower your body toward the floor, as far down as you can go keeping back and hips level. Then press back up and repeat.","elapsedTime":0,"finished":false,"imagePath":"push_ups.png","isImagePathExternal":false,"isTimeMode":false,"isVideoPathExternal":false,"name":"Push Ups","orderNr":-1,"prepTime":5,"repetitionCount":5,"videoPath":"push_ups.mp4","workoutItemId":0,"workoutSessionId":88,"workoutTime":30},{"breakTime":30,"description":"","elapsedTime":0,"finished":false,"imagePath":"file:///data/user/0/com.health.openworkout/files/Fatburner%20workout/image/russian_twist.png","isImagePathExternal":true,"isTimeMode":false,"isVideoPathExternal":true,"name":"Russian Twist","orderNr":-1,"prepTime":5,"repetitionCount":10,"videoPath":"file:///data/user/0/com.health.openworkout/files/Fatburner%20workout/video/russian_twist.mp4","workoutItemId":0,"workoutSessionId":88,"workoutTime":30},{"breakTime":30,"description":"Lie flat on the floor with your lower back pressed to the ground (pull your navel in to also target your deep abs). Put your hands behind your head, then bring your knees in towards your chest and lift your shoulder blades off the ground, but be sure not to pull on your neck. Straighten your right leg out to about a 45-degree angle to the ground while turning your upper body to the left, bringing your right elbow towards the left knee. Make sure your rib cage is moving and not just your elbows. Now switch sides and do the same motion on the other side to complete one rep.","elapsedTime":0,"finished":false,"imagePath":"bicycle_crunch.png","isImagePathExternal":false,"isTimeMode":false,"isVideoPathExternal":false,"name":"Bicycle crunch","orderNr":-1,"prepTime":5,"repetitionCount":15,"videoPath":"bicycle_crunch.mp4","workoutItemId":0,"workoutSessionId":88,"workoutTime":30},{"breakTime":30,"description":"","elapsedTime":0,"finished":false,"imagePath":"file:///data/user/0/com.health.openworkout/files/Fatburner%20workout/image/mountain_climbers.png","isImagePathExternal":true,"isTimeMode":true,"isVideoPathExternal":true,"name":"Mountain climbers","orderNr":-1,"prepTime":5,"repetitionCount":5,"videoPath":"file:///data/user/0/com.health.openworkout/files/Fatburner%20workout/video/mountain_climbers.mp4","workoutItemId":0,"workoutSessionId":88,"workoutTime":30},{"breakTime":30,"description":"Run in place, bringing your knees up as high as you can with each step. Focus on lifting your knees up and down rapidly. Try holding your palms out in front of you at waist height, working to smack your knee into your palm with each step.","elapsedTime":0,"finished":false,"imagePath":"high_knees.png","isImagePathExternal":false,"isTimeMode":true,"isVideoPathExternal":false,"name":"High knees","orderNr":-1,"prepTime":5,"repetitionCount":5,"videoPath":"high_knees.mp4","workoutItemId":0,"workoutSessionId":88,"workoutTime":30},{"breakTime":30,"description":"Begin in a standing position. Move into a squat position with your hands on the ground. Kick your feet back into a plank position, while keeping your arms extended. Immediately return your feet into squat position. Stand up from the squat position","elapsedTime":0,"finished":false,"imagePath":"burpee.png","isImagePathExternal":false,"isTimeMode":false,"isVideoPathExternal":false,"name":"Burpee","orderNr":-1,"prepTime":5,"repetitionCount":10,"videoPath":"burpee.mp4","workoutItemId":0,"workoutSessionId":88,"workoutTime":30}],"workoutSessionId":0},{"finished":false,"name":"5. day","orderNr":4,"trainingPlanId":5,"workoutItems":[{"breakTime":30,"description":"Stand with your feet shoulder-width apart and toes forward. Bend your knees as you hinge at the hips, shifting them back and down like you’re about to sit in a chair. Lower yourself as far as you comfortably can, keeping most of your weight on your heels. Stand back up.","elapsedTime":0,"finished":false,"imagePath":"squad.png","isImagePathExternal":false,"isTimeMode":false,"isVideoPathExternal":false,"name":"Squat","orderNr":-1,"prepTime":5,"repetitionCount":20,"videoPath":"squad.mp4","workoutItemId":0,"workoutSessionId":151,"workoutTime":30},{"breakTime":30,"description":"Lie on your stomach on an exercise mat, with your elbows close to your sides, palms down and fingers facing forward. Lift your torso and thighs off the floor, keeping your body straight. Rest your weight on your elbows and your feet, with toes tucked toward shins. Use your core muscles, and stay in this position.","elapsedTime":0,"finished":false,"imagePath":"plank.png","isImagePathExternal":false,"isTimeMode":true,"isVideoPathExternal":false,"name":"Plank","orderNr":-1,"prepTime":5,"repetitionCount":5,"videoPath":"plank.mp4","workoutItemId":0,"workoutSessionId":151,"workoutTime":30},{"breakTime":30,"description":"Stand up with your legs spread and your hands touching overhead. Then as you jump, bring your legs back together and put your arms to your sides. You can speed these up or slow them down to suit your fitness level.","elapsedTime":0,"finished":false,"imagePath":"jumping_jack.png","isImagePathExternal":false,"isTimeMode":true,"isVideoPathExternal":false,"name":"Jumping Jack","orderNr":-1,"prepTime":5,"repetitionCount":5,"videoPath":"jumping_jack.mp4","workoutItemId":0,"workoutSessionId":151,"workoutTime":30},{"breakTime":30,"description":"","elapsedTime":0,"finished":false,"imagePath":"file:///data/user/0/com.health.openworkout/files/Fatburner%20workout/image/lunge_kick.png","isImagePathExternal":true,"isTimeMode":false,"isVideoPathExternal":true,"name":"Lunge Kick","orderNr":-1,"prepTime":5,"repetitionCount":15,"videoPath":"file:///data/user/0/com.health.openworkout/files/Fatburner%20workout/video/lunge_kick.mp4","workoutItemId":0,"workoutSessionId":151,"workoutTime":30},{"breakTime":30,"description":"Stand with your back to a wall, feet hip-width apart and slightly in front of you. Lean back into the wall, and slide down like you’re sitting down into a chair. Your knees should finish above your ankles, bent at 90 degrees.","elapsedTime":0,"finished":false,"imagePath":"wall_sit.png","isImagePathExternal":false,"isTimeMode":true,"isVideoPathExternal":false,"name":"Wall sit","orderNr":-1,"prepTime":5,"repetitionCount":5,"videoPath":"wall_sit.mp4","workoutItemId":0,"workoutSessionId":151,"workoutTime":30},{"breakTime":30,"description":"","elapsedTime":0,"finished":false,"imagePath":"file:///data/user/0/com.health.openworkout/files/Fatburner%20workout/image/donkey_kick.png","isImagePathExternal":true,"isTimeMode":false,"isVideoPathExternal":true,"name":"Donkey Kick","orderNr":-1,"prepTime":5,"repetitionCount":10,"videoPath":"file:///data/user/0/com.health.openworkout/files/Fatburner%20workout/video/donkey_kick.mp4","workoutItemId":0,"workoutSessionId":151,"workoutTime":30},{"breakTime":30,"description":"Get into a plank position on the floor or mat, feet together with toes tucked under, hands planted flat below your shoulders. Slowly bend your elbows and lower your body toward the floor, as far down as you can go keeping back and hips level. Then press back up and repeat.","elapsedTime":0,"finished":false,"imagePath":"push_ups.png","isImagePathExternal":false,"isTimeMode":false,"isVideoPathExternal":false,"name":"Push Ups","orderNr":-1,"prepTime":5,"repetitionCount":5,"videoPath":"push_ups.mp4","workoutItemId":0,"workoutSessionId":151,"workoutTime":30},{"breakTime":30,"description":"","elapsedTime":0,"finished":false,"imagePath":"file:///data/user/0/com.health.openworkout/files/Fatburner%20workout/image/russian_twist.png","isImagePathExternal":true,"isTimeMode":false,"isVideoPathExternal":true,"name":"Russian Twist","orderNr":-1,"prepTime":5,"repetitionCount":10,"videoPath":"file:///data/user/0/com.health.openworkout/files/Fatburner%20workout/video/russian_twist.mp4","workoutItemId":0,"workoutSessionId":151,"workoutTime":30},{"breakTime":30,"description":"Lie flat on the floor with your lower back pressed to the ground (pull your navel in to also target your deep abs). Put your hands behind your head, then bring your knees in towards your chest and lift your shoulder blades off the ground, but be sure not to pull on your neck. Straighten your right leg out to about a 45-degree angle to the ground while turning your upper body to the left, bringing your right elbow towards the left knee. Make sure your rib cage is moving and not just your elbows. Now switch sides and do the same motion on the other side to complete one rep.","elapsedTime":0,"finished":false,"imagePath":"bicycle_crunch.png","isImagePathExternal":false,"isTimeMode":false,"isVideoPathExternal":false,"name":"Bicycle crunch","orderNr":-1,"prepTime":5,"repetitionCount":15,"videoPath":"bicycle_crunch.mp4","workoutItemId":0,"workoutSessionId":151,"workoutTime":30},{"breakTime":30,"description":"","elapsedTime":0,"finished":false,"imagePath":"file:///data/user/0/com.health.openworkout/files/Fatburner%20workout/image/mountain_climbers.png","isImagePathExternal":true,"isTimeMode":true,"isVideoPathExternal":true,"name":"Mountain climbers","orderNr":-1,"prepTime":5,"repetitionCount":5,"videoPath":"file:///data/user/0/com.health.openworkout/files/Fatburner%20workout/video/mountain_climbers.mp4","workoutItemId":0,"workoutSessionId":151,"workoutTime":30},{"breakTime":30,"description":"Run in place, bringing your knees up as high as you can with each step. Focus on lifting your knees up and down rapidly. Try holding your palms out in front of you at waist height, working to smack your knee into your palm with each step.","elapsedTime":0,"finished":false,"imagePath":"high_knees.png","isImagePathExternal":false,"isTimeMode":true,"isVideoPathExternal":false,"name":"High knees","orderNr":-1,"prepTime":5,"repetitionCount":5,"videoPath":"high_knees.mp4","workoutItemId":0,"workoutSessionId":151,"workoutTime":30},{"breakTime":30,"description":"Begin in a standing position. Move into a squat position with your hands on the ground. Kick your feet back into a plank position, while keeping your arms extended. Immediately return your feet into squat position. Stand up from the squat position","elapsedTime":0,"finished":false,"imagePath":"burpee.png","isImagePathExternal":false,"isTimeMode":false,"isVideoPathExternal":false,"name":"Burpee","orderNr":-1,"prepTime":5,"repetitionCount":10,"videoPath":"burpee.mp4","workoutItemId":0,"workoutSessionId":151,"workoutTime":30}],"workoutSessionId":0},{"finished":false,"name":"6. day","orderNr":5,"trainingPlanId":5,"workoutItems":[{"breakTime":30,"description":"Stand with your feet shoulder-width apart and toes forward. Bend your knees as you hinge at the hips, shifting them back and down like you’re about to sit in a chair. Lower yourself as far as you comfortably can, keeping most of your weight on your heels. Stand back up.","elapsedTime":0,"finished":false,"imagePath":"squad.png","isImagePathExternal":false,"isTimeMode":false,"isVideoPathExternal":false,"name":"Squat","orderNr":-1,"prepTime":5,"repetitionCount":20,"videoPath":"squad.mp4","workoutItemId":0,"workoutSessionId":182,"workoutTime":30},{"breakTime":30,"description":"Lie on your stomach on an exercise mat, with your elbows close to your sides, palms down and fingers facing forward. Lift your torso and thighs off the floor, keeping your body straight. Rest your weight on your elbows and your feet, with toes tucked toward shins. Use your core muscles, and stay in this position.","elapsedTime":0,"finished":false,"imagePath":"plank.png","isImagePathExternal":false,"isTimeMode":true,"isVideoPathExternal":false,"name":"Plank","orderNr":-1,"prepTime":5,"repetitionCount":5,"videoPath":"plank.mp4","workoutItemId":0,"workoutSessionId":182,"workoutTime":30},{"breakTime":30,"description":"Stand up with your legs spread and your hands touching overhead. Then as you jump, bring your legs back together and put your arms to your sides. You can speed these up or slow them down to suit your fitness level.","elapsedTime":0,"finished":false,"imagePath":"jumping_jack.png","isImagePathExternal":false,"isTimeMode":true,"isVideoPathExternal":false,"name":"Jumping Jack","orderNr":-1,"prepTime":5,"repetitionCount":5,"videoPath":"jumping_jack.mp4","workoutItemId":0,"workoutSessionId":182,"workoutTime":30},{"breakTime":30,"description":"","elapsedTime":0,"finished":false,"imagePath":"file:///data/user/0/com.health.openworkout/files/Fatburner%20workout/image/lunge_kick.png","isImagePathExternal":true,"isTimeMode":false,"isVideoPathExternal":true,"name":"Lunge Kick","orderNr":-1,"prepTime":5,"repetitionCount":15,"videoPath":"file:///data/user/0/com.health.openworkout/files/Fatburner%20workout/video/lunge_kick.mp4","workoutItemId":0,"workoutSessionId":182,"workoutTime":30},{"breakTime":30,"description":"Stand with your back to a wall, feet hip-width apart and slightly in front of you. Lean back into the wall, and slide down like you’re sitting down into a chair. Your knees should finish above your ankles, bent at 90 degrees.","elapsedTime":0,"finished":false,"imagePath":"wall_sit.png","isImagePathExternal":false,"isTimeMode":true,"isVideoPathExternal":false,"name":"Wall sit","orderNr":-1,"prepTime":5,"repetitionCount":5,"videoPath":"wall_sit.mp4","workoutItemId":0,"workoutSessionId":182,"workoutTime":30},{"breakTime":30,"description":"","elapsedTime":0,"finished":false,"imagePath":"file:///data/user/0/com.health.openworkout/files/Fatburner%20workout/image/donkey_kick.png","isImagePathExternal":true,"isTimeMode":false,"isVideoPathExternal":true,"name":"Donkey Kick","orderNr":-1,"prepTime":5,"repetitionCount":10,"videoPath":"file:///data/user/0/com.health.openworkout/files/Fatburner%20workout/video/donkey_kick.mp4","workoutItemId":0,"workoutSessionId":182,"workoutTime":30},{"breakTime":30,"description":"Get into a plank position on the floor or mat, feet together with toes tucked under, hands planted flat below your shoulders. Slowly bend your elbows and lower your body toward the floor, as far down as you can go keeping back and hips level. Then press back up and repeat.","elapsedTime":0,"finished":false,"imagePath":"push_ups.png","isImagePathExternal":false,"isTimeMode":false,"isVideoPathExternal":false,"name":"Push Ups","orderNr":-1,"prepTime":5,"repetitionCount":5,"videoPath":"push_ups.mp4","workoutItemId":0,"workoutSessionId":182,"workoutTime":30},{"breakTime":30,"description":"","elapsedTime":0,"finished":false,"imagePath":"file:///data/user/0/com.health.openworkout/files/Fatburner%20workout/image/russian_twist.png","isImagePathExternal":true,"isTimeMode":false,"isVideoPathExternal":true,"name":"Russian Twist","orderNr":-1,"prepTime":5,"repetitionCount":10,"videoPath":"file:///data/user/0/com.health.openworkout/files/Fatburner%20workout/video/russian_twist.mp4","workoutItemId":0,"workoutSessionId":182,"workoutTime":30},{"breakTime":30,"description":"Lie flat on the floor with your lower back pressed to the ground (pull your navel in to also target your deep abs). Put your hands behind your head, then bring your knees in towards your chest and lift your shoulder blades off the ground, but be sure not to pull on your neck. Straighten your right leg out to about a 45-degree angle to the ground while turning your upper body to the left, bringing your right elbow towards the left knee. Make sure your rib cage is moving and not just your elbows. Now switch sides and do the same motion on the other side to complete one rep.","elapsedTime":0,"finished":false,"imagePath":"bicycle_crunch.png","isImagePathExternal":false,"isTimeMode":false,"isVideoPathExternal":false,"name":"Bicycle crunch","orderNr":-1,"prepTime":5,"repetitionCount":15,"videoPath":"bicycle_crunch.mp4","workoutItemId":0,"workoutSessionId":182,"workoutTime":30},{"breakTime":30,"description":"","elapsedTime":0,"finished":false,"imagePath":"file:///data/user/0/com.health.openworkout/files/Fatburner%20workout/image/mountain_climbers.png","isImagePathExternal":true,"isTimeMode":true,"isVideoPathExternal":true,"name":"Mountain climbers","orderNr":-1,"prepTime":5,"repetitionCount":5,"videoPath":"file:///data/user/0/com.health.openworkout/files/Fatburner%20workout/video/mountain_climbers.mp4","workoutItemId":0,"workoutSessionId":182,"workoutTime":30},{"breakTime":30,"description":"Run in place, bringing your knees up as high as you can with each step. Focus on lifting your knees up and down rapidly. Try holding your palms out in front of you at waist height, working to smack your knee into your palm with each step.","elapsedTime":0,"finished":false,"imagePath":"high_knees.png","isImagePathExternal":false,"isTimeMode":true,"isVideoPathExternal":false,"name":"High knees","orderNr":-1,"prepTime":5,"repetitionCount":5,"videoPath":"high_knees.mp4","workoutItemId":0,"workoutSessionId":182,"workoutTime":30},{"breakTime":30,"description":"Begin in a standing position. Move into a squat position with your hands on the ground. Kick your feet back into a plank position, while keeping your arms extended. Immediately return your feet into squat position. Stand up from the squat position","elapsedTime":0,"finished":false,"imagePath":"burpee.png","isImagePathExternal":false,"isTimeMode":false,"isVideoPathExternal":false,"name":"Burpee","orderNr":-1,"prepTime":5,"repetitionCount":10,"videoPath":"burpee.mp4","workoutItemId":0,"workoutSessionId":182,"workoutTime":30}],"workoutSessionId":0},{"finished":false,"name":"7. day","orderNr":6,"trainingPlanId":5,"workoutItems":[{"breakTime":30,"description":"Stand with your feet shoulder-width apart and toes forward. Bend your knees as you hinge at the hips, shifting them back and down like you’re about to sit in a chair. Lower yourself as far as you comfortably can, keeping most of your weight on your heels. Stand back up.","elapsedTime":0,"finished":false,"imagePath":"squad.png","isImagePathExternal":false,"isTimeMode":false,"isVideoPathExternal":false,"name":"Squat","orderNr":-1,"prepTime":5,"repetitionCount":20,"videoPath":"squad.mp4","workoutItemId":0,"workoutSessionId":150,"workoutTime":30},{"breakTime":30,"description":"Lie on your stomach on an exercise mat, with your elbows close to your sides, palms down and fingers facing forward. Lift your torso and thighs off the floor, keeping your body straight. Rest your weight on your elbows and your feet, with toes tucked toward shins. Use your core muscles, and stay in this position.","elapsedTime":0,"finished":false,"imagePath":"plank.png","isImagePathExternal":false,"isTimeMode":true,"isVideoPathExternal":false,"name":"Plank","orderNr":-1,"prepTime":5,"repetitionCount":5,"videoPath":"plank.mp4","workoutItemId":0,"workoutSessionId":150,"workoutTime":30},{"breakTime":30,"description":"Stand up with your legs spread and your hands touching overhead. Then as you jump, bring your legs back together and put your arms to your sides. You can speed these up or slow them down to suit your fitness level.","elapsedTime":0,"finished":false,"imagePath":"jumping_jack.png","isImagePathExternal":false,"isTimeMode":true,"isVideoPathExternal":false,"name":"Jumping Jack","orderNr":-1,"prepTime":5,"repetitionCount":5,"videoPath":"jumping_jack.mp4","workoutItemId":0,"workoutSessionId":150,"workoutTime":30},{"breakTime":30,"description":"","elapsedTime":0,"finished":false,"imagePath":"file:///data/user/0/com.health.openworkout/files/Fatburner%20workout/image/lunge_kick.png","isImagePathExternal":true,"isTimeMode":false,"isVideoPathExternal":true,"name":"Lunge Kick","orderNr":-1,"prepTime":5,"repetitionCount":15,"videoPath":"file:///data/user/0/com.health.openworkout/files/Fatburner%20workout/video/lunge_kick.mp4","workoutItemId":0,"workoutSessionId":150,"workoutTime":30},{"breakTime":30,"description":"Stand with your back to a wall, feet hip-width apart and slightly in front of you. Lean back into the wall, and slide down like you’re sitting down into a chair. Your knees should finish above your ankles, bent at 90 degrees.","elapsedTime":0,"finished":false,"imagePath":"wall_sit.png","isImagePathExternal":false,"isTimeMode":true,"isVideoPathExternal":false,"name":"Wall sit","orderNr":-1,"prepTime":5,"repetitionCount":5,"videoPath":"wall_sit.mp4","workoutItemId":0,"workoutSessionId":150,"workoutTime":30},{"breakTime":30,"description":"","elapsedTime":0,"finished":false,"imagePath":"file:///data/user/0/com.health.openworkout/files/Fatburner%20workout/image/donkey_kick.png","isImagePathExternal":true,"isTimeMode":false,"isVideoPathExternal":true,"name":"Donkey Kick","orderNr":-1,"prepTime":5,"repetitionCount":10,"videoPath":"file:///data/user/0/com.health.openworkout/files/Fatburner%20workout/video/donkey_kick.mp4","workoutItemId":0,"workoutSessionId":150,"workoutTime":30},{"breakTime":30,"description":"Get into a plank position on the floor or mat, feet together with toes tucked under, hands planted flat below your shoulders. Slowly bend your elbows and lower your body toward the floor, as far down as you can go keeping back and hips level. Then press back up and repeat.","elapsedTime":0,"finished":false,"imagePath":"push_ups.png","isImagePathExternal":false,"isTimeMode":false,"isVideoPathExternal":false,"name":"Push Ups","orderNr":-1,"prepTime":5,"repetitionCount":5,"videoPath":"push_ups.mp4","workoutItemId":0,"workoutSessionId":150,"workoutTime":30},{"breakTime":30,"description":"","elapsedTime":0,"finished":false,"imagePath":"file:///data/user/0/com.health.openworkout/files/Fatburner%20workout/image/russian_twist.png","isImagePathExternal":true,"isTimeMode":false,"isVideoPathExternal":true,"name":"Russian Twist","orderNr":-1,"prepTime":5,"repetitionCount":10,"videoPath":"file:///data/user/0/com.health.openworkout/files/Fatburner%20workout/video/russian_twist.mp4","workoutItemId":0,"workoutSessionId":150,"workoutTime":30},{"breakTime":30,"description":"Lie flat on the floor with your lower back pressed to the ground (pull your navel in to also target your deep abs). Put your hands behind your head, then bring your knees in towards your chest and lift your shoulder blades off the ground, but be sure not to pull on your neck. Straighten your right leg out to about a 45-degree angle to the ground while turning your upper body to the left, bringing your right elbow towards the left knee. Make sure your rib cage is moving and not just your elbows. Now switch sides and do the same motion on the other side to complete one rep.","elapsedTime":0,"finished":false,"imagePath":"bicycle_crunch.png","isImagePathExternal":false,"isTimeMode":false,"isVideoPathExternal":false,"name":"Bicycle crunch","orderNr":-1,"prepTime":5,"repetitionCount":15,"videoPath":"bicycle_crunch.mp4","workoutItemId":0,"workoutSessionId":150,"workoutTime":30},{"breakTime":30,"description":"","elapsedTime":0,"finished":false,"imagePath":"file:///data/user/0/com.health.openworkout/files/Fatburner%20workout/image/mountain_climbers.png","isImagePathExternal":true,"isTimeMode":true,"isVideoPathExternal":true,"name":"Mountain climbers","orderNr":-1,"prepTime":5,"repetitionCount":5,"videoPath":"file:///data/user/0/com.health.openworkout/files/Fatburner%20workout/video/mountain_climbers.mp4","workoutItemId":0,"workoutSessionId":150,"workoutTime":30},{"breakTime":30,"description":"Run in place, bringing your knees up as high as you can with each step. Focus on lifting your knees up and down rapidly. Try holding your palms out in front of you at waist height, working to smack your knee into your palm with each step.","elapsedTime":0,"finished":false,"imagePath":"high_knees.png","isImagePathExternal":false,"isTimeMode":true,"isVideoPathExternal":false,"name":"High knees","orderNr":-1,"prepTime":5,"repetitionCount":5,"videoPath":"high_knees.mp4","workoutItemId":0,"workoutSessionId":150,"workoutTime":30},{"breakTime":30,"description":"Begin in a standing position. Move into a squat position with your hands on the ground. Kick your feet back into a plank position, while keeping your arms extended. Immediately return your feet into squat position. Stand up from the squat position","elapsedTime":0,"finished":false,"imagePath":"burpee.png","isImagePathExternal":false,"isTimeMode":false,"isVideoPathExternal":false,"name":"Burpee","orderNr":-1,"prepTime":5,"repetitionCount":10,"videoPath":"burpee.mp4","workoutItemId":0,"workoutSessionId":150,"workoutTime":30}],"workoutSessionId":0}]}